,WellName,Date,Concentration
0,MW-112d,2021-12-31,0.7350385690734312
1,MW-112d,2022-12-31,0.7597616462238065
2,MW-112d,2023-12-31,0.784484723374182
3,MW-112d,2024-12-31,0.8092755349825034
4,MW-112d,2025-12-31,0.8339986121328787
5,MW-61d,2021-12-31,12.09819996858394
6,MW-61d,2022-12-31,15.846381576106474
7,MW-61d,2023-12-31,20.307137463742865
8,MW-61d,2024-12-31,25.208111079468065
9,MW-61d,2025-12-31,30.861281503678043
10,MW-42s,2021-12-31,0.5
11,MW-42s,2022-12-31,0.5
12,MW-42s,2023-12-31,0.5
13,MW-42s,2024-12-31,0.5
14,MW-42s,2025-12-31,0.5
15,SW-1M,2011-12-31,
16,SW-1M,2012-12-31,
17,SW-1M,2013-12-31,
18,SW-1M,2014-12-31,
19,SW-1M,2015-12-31,
20,593 Allison,2016-12-31,111.0
21,593 Allison,2017-12-31,111.0
22,593 Allison,2018-12-31,111.0
23,593 Allison,2019-12-31,111.0
24,593 Allison,2020-12-31,111.0
25,AMW-1,2021-12-31,303.2753017010953
26,AMW-1,2022-12-31,309.10383398420925
27,AMW-1,2023-12-31,314.9323662673232
28,AMW-1,2024-12-31,320.7768671320347
29,AMW-1,2025-12-31,326.6053994151486
30,MW-84s,2021-12-31,70.62004106482755
31,MW-84s,2022-12-31,68.24008212965515
32,MW-84s,2023-12-31,65.8601231944827
33,MW-84s,2024-12-31,63.4801642593103
34,MW-84s,2025-12-31,61.100205324137846
35,MW-131s,2021-12-31,0.5
36,MW-131s,2022-12-31,0.5
37,MW-131s,2023-12-31,0.5
38,MW-131s,2024-12-31,0.5
39,MW-131s,2025-12-31,0.5
40,MW-82d,2017-12-31,0.4994247292435514
41,MW-82d,2018-12-31,0.4988879099162301
42,MW-82d,2019-12-31,0.4983999840645351
43,MW-82d,2020-12-31,0.4979819423193003
44,MW-82d,2021-12-31,0.4976302910354729
45,2950 Valley,2013-12-31,0.5
46,2950 Valley,2014-12-31,0.5
47,2950 Valley,2015-12-31,0.5
48,2950 Valley,2016-12-31,0.5
49,2950 Valley,2017-12-31,0.5
50,MW-BE-1s,2021-12-31,980.0
51,MW-BE-1s,2022-12-31,980.0
52,MW-BE-1s,2023-12-31,980.0
53,MW-BE-1s,2024-12-31,980.0
54,MW-BE-1s,2025-12-31,980.0
55,MW-62d,2021-12-31,0.5
56,MW-62d,2022-12-31,0.5
57,MW-62d,2023-12-31,0.5
58,MW-62d,2024-12-31,0.5
59,MW-62d,2025-12-31,0.5
60,2652 Dexter Rd,2012-12-31,0.6666666666666666
61,2652 Dexter Rd,2013-12-31,2.390847850517387
62,2652 Dexter Rd,2014-12-31,2.573716020737432
63,2652 Dexter Rd,2015-12-31,9.117855705987472
64,2652 Dexter Rd,2016-12-31,2.725401408343548
65,MW-87s,2018-12-31,470.0
66,MW-87s,2019-12-31,470.0
67,MW-87s,2020-12-31,470.0
68,MW-87s,2021-12-31,470.0
69,MW-87s,2022-12-31,470.0
70,MW-134d,2021-12-31,6.509234295758316
71,MW-134d,2022-12-31,6.792662303451283
72,MW-134d,2023-12-31,7.076090311144249
73,MW-134d,2024-12-31,7.360294833926786
74,MW-134d,2025-12-31,7.643722841619753
75,IW-2,2021-12-31,1100.93062327621
76,IW-2,2022-12-31,1609.554650450032
77,IW-2,2023-12-31,
78,IW-2,2024-12-31,
79,IW-2,2025-12-31,
80,MW-41s,2021-12-31,18.953200955992312
81,MW-41s,2022-12-31,18.95902687385752
82,MW-41s,2023-12-31,18.964846194883417
83,MW-41s,2024-12-31,18.97067485551593
84,MW-41s,2025-12-31,18.976481025230687
85,SW-2M,2011-12-31,0.5
86,SW-2M,2012-12-31,0.5
87,SW-2M,2013-12-31,0.5
88,SW-2M,2014-12-31,0.5
89,SW-2M,2015-12-31,0.5
90,4470 Jackson Rd,2021-12-31,0.5
91,4470 Jackson Rd,2022-12-31,0.5
92,4470 Jackson Rd,2023-12-31,0.5
93,4470 Jackson Rd,2024-12-31,0.5
94,4470 Jackson Rd,2025-12-31,0.5
95,MW-47d,2016-12-31,0.5
96,MW-47d,2017-12-31,0.5
97,MW-47d,2018-12-31,0.5
98,MW-47d,2019-12-31,0.5
99,MW-47d,2020-12-31,0.5
100,MW-107,2021-12-31,641.9999999999999
101,MW-107,2022-12-31,613.9999999999998
102,MW-107,2023-12-31,585.9999999999998
103,MW-107,2024-12-31,557.9999999999998
104,MW-107,2025-12-31,529.9999999999997
105,TW-4,2021-12-31,38.99881373890855
106,TW-4,2022-12-31,39.9976274778171
107,TW-4,2023-12-31,40.99644121672565
108,TW-4,2024-12-31,41.9976274778171
109,TW-4,2025-12-31,42.99644121672564
110,MW-53i,2021-12-31,26.0
111,MW-53i,2022-12-31,26.0
112,MW-53i,2023-12-31,26.0
113,MW-53i,2024-12-31,26.0
114,MW-53i,2025-12-31,26.0
115,TW-3,2021-12-31,43.0
116,TW-3,2022-12-31,43.0
117,TW-3,2023-12-31,43.0
118,TW-3,2024-12-31,43.0
119,TW-3,2025-12-31,43.0
120,4141 Jackson Rd,2021-12-31,1.5445346987569433
121,4141 Jackson Rd,2022-12-31,0.984704036849511
122,4141 Jackson Rd,2023-12-31,0.0172691871432914
123,4141 Jackson Rd,2024-12-31,
124,4141 Jackson Rd,2025-12-31,
125,MW-100,2021-12-31,2322.764703264057
126,MW-100,2022-12-31,2367.40503164924
127,MW-100,2023-12-31,2412.045360034422
128,MW-100,2024-12-31,2456.8079906891526
129,MW-100,2025-12-31,2501.448319074335
130,SW-COMB,2014-12-31,437.5040945527022
131,SW-COMB,2015-12-31,421.1962596320303
132,SW-COMB,2016-12-31,405.8128933913065
133,SW-COMB,2017-12-31,391.3464149593952
134,SW-COMB,2018-12-31,377.6525284947449
135,MW-9d,2011-12-31,0.4999999999999995
136,MW-9d,2012-12-31,0.4999999999999995
137,MW-9d,2013-12-31,7.750000000000001
138,MW-9d,2014-12-31,31.25
139,MW-9d,2015-12-31,0.4999999999999995
140,MW-106s,2021-12-31,200.0
141,MW-106s,2022-12-31,200.0
142,MW-106s,2023-12-31,200.0
143,MW-106s,2024-12-31,200.0
144,MW-106s,2025-12-31,200.0
145,MW-129s,2021-12-31,0.4998313866788181
146,MW-129s,2022-12-31,0.4996627733576363
147,MW-129s,2023-12-31,0.4994941600364544
148,MW-129s,2024-12-31,0.499325084760968
149,MW-129s,2025-12-31,0.4991564714397861
150,MW-15d,2021-12-31,0.5
151,MW-15d,2022-12-31,0.5
152,MW-15d,2023-12-31,0.5
153,MW-15d,2024-12-31,0.5
154,MW-15d,2025-12-31,0.5
155,MW-KZ-1,2012-12-31,0.5
156,MW-KZ-1,2013-12-31,0.5
157,MW-KZ-1,2014-12-31,0.5
158,MW-KZ-1,2015-12-31,0.5
159,MW-KZ-1,2016-12-31,0.5
160,MW-76i,2021-12-31,94.79829088269804
161,MW-76i,2022-12-31,97.421839624278
162,MW-76i,2023-12-31,100.00209179227154
163,MW-76i,2024-12-31,102.5362737891758
164,MW-76i,2025-12-31,105.02255253434708
165,MW-60,2021-12-31,3.0
166,MW-60,2022-12-31,3.0
167,MW-60,2023-12-31,3.0
168,MW-60,2024-12-31,3.0
169,MW-60,2025-12-31,3.0
170,MW-56d,2021-12-31,0.5
171,MW-56d,2022-12-31,0.5
172,MW-56d,2023-12-31,0.5
173,MW-56d,2024-12-31,0.5
174,MW-56d,2025-12-31,0.5
175,Bethlehem Cemetery,2021-12-31,0.5
176,Bethlehem Cemetery,2022-12-31,0.5
177,Bethlehem Cemetery,2023-12-31,0.5
178,Bethlehem Cemetery,2024-12-31,0.5
179,Bethlehem Cemetery,2025-12-31,0.5
180,TW-13,2011-12-31,535.5899165951229
181,TW-13,2012-12-31,535.5899165951229
182,TW-13,2013-12-31,535.5899165951229
183,TW-13,2014-12-31,535.5899165951229
184,TW-13,2015-12-31,535.5899165951229
185,MW-67,2016-12-31,0.5
186,MW-67,2017-12-31,0.5
187,MW-67,2018-12-31,0.5
188,MW-67,2019-12-31,0.5
189,MW-67,2020-12-31,0.5
190,MW-123s,2021-12-31,0.5001616730400482
191,MW-123s,2022-12-31,0.5001615471290571
192,MW-123s,2023-12-31,0.5001614212259865
193,MW-123s,2024-12-31,0.5001612949859303
194,MW-123s,2025-12-31,0.5001611690987219
195,MW-93,2021-12-31,0.0
196,MW-93,2022-12-31,0.0
197,MW-93,2023-12-31,0.0
198,MW-93,2024-12-31,0.0
199,MW-93,2025-12-31,0.0
200,PMW-1,2021-12-31,140.0
201,PMW-1,2022-12-31,140.0
202,PMW-1,2023-12-31,140.0
203,PMW-1,2024-12-31,140.0
204,PMW-1,2025-12-31,140.0
205,TW-14,2021-12-31,45.85747773558218
206,TW-14,2022-12-31,49.06627821602802
207,TW-14,2023-12-31,52.69231977418797
208,TW-14,2024-12-31,56.81867305675389
209,TW-14,2025-12-31,61.551430836048354
210,MOW-1,2021-12-31,
211,MOW-1,2022-12-31,
212,MOW-1,2023-12-31,
213,MOW-1,2024-12-31,
214,MOW-1,2025-12-31,
215,430 Barber West,2012-12-31,74.89502373065157
216,430 Barber West,2013-12-31,49.953602823468096
217,430 Barber West,2014-12-31,35.833333333333336
218,430 Barber West,2015-12-31,29.83333333333333
219,430 Barber West,2016-12-31,9.833333333333332
220,MW-51,2021-12-31,0.5
221,MW-51,2022-12-31,0.5
222,MW-51,2023-12-31,0.5
223,MW-51,2024-12-31,0.5
224,MW-51,2025-12-31,0.5
225,MW-3d,2011-12-31,0.5
226,MW-3d,2012-12-31,0.5
227,MW-3d,2013-12-31,0.5
228,MW-3d,2014-12-31,0.5
229,MW-3d,2015-12-31,0.5
230,2690 Dexter Rd,2013-12-31,
231,2690 Dexter Rd,2014-12-31,
232,2690 Dexter Rd,2015-12-31,
233,2690 Dexter Rd,2016-12-31,
234,2690 Dexter Rd,2017-12-31,
235,TW-22,2021-12-31,0.0
236,TW-22,2022-12-31,0.0
237,TW-22,2023-12-31,0.0
238,TW-22,2024-12-31,0.0
239,TW-22,2025-12-31,0.0
240,AE-1,2005-12-31,92.419190497197
241,AE-1,2006-12-31,83.82039159829175
242,AE-1,2007-12-31,73.20360330328425
243,AE-1,2008-12-31,60.563296874103
244,AE-1,2009-12-31,51.15859378899091
245,MW-30d,2021-12-31,138.94195904323325
246,MW-30d,2022-12-31,110.8049625513706
247,MW-30d,2023-12-31,85.68179048645531
248,MW-30d,2024-12-31,63.65434808255124
249,MW-30d,2025-12-31,44.79279111430638
250,3249 Dexter Rd,2012-12-31,0.5
251,3249 Dexter Rd,2013-12-31,0.5
252,3249 Dexter Rd,2014-12-31,0.5
253,3249 Dexter Rd,2015-12-31,0.5
254,3249 Dexter Rd,2016-12-31,0.5
255,697 South Wagner Rd,2021-12-31,0.5
256,697 South Wagner Rd,2022-12-31,0.5
257,697 South Wagner Rd,2023-12-31,0.5
258,697 South Wagner Rd,2024-12-31,0.5
259,697 South Wagner Rd,2025-12-31,0.5
260,MW-79d,2021-12-31,0.5000009273201287
261,MW-79d,2022-12-31,0.5000009273201287
262,MW-79d,2023-12-31,0.5000009273201287
263,MW-79d,2024-12-31,0.5000009273201287
264,MW-79d,2025-12-31,0.5000009273201287
265,MW-69,2021-12-31,0.5
266,MW-69,2022-12-31,0.5
267,MW-69,2023-12-31,0.5
268,MW-69,2024-12-31,0.5
269,MW-69,2025-12-31,0.5
270,435 Barber,2013-12-31,20.295689031956076
271,435 Barber,2014-12-31,20.78207445212629
272,435 Barber,2015-12-31,21.26845987229652
273,435 Barber,2016-12-31,21.75617785526173
274,435 Barber,2017-12-31,22.24256327543195
275,MW-59s,2021-12-31,0.5
276,MW-59s,2022-12-31,0.5
277,MW-59s,2023-12-31,0.5
278,MW-59s,2024-12-31,0.5
279,MW-59s,2025-12-31,0.5
280,MW-35,2021-12-31,2.8
281,MW-35,2022-12-31,2.8
282,MW-35,2023-12-31,2.8
283,MW-35,2024-12-31,2.8
284,MW-35,2025-12-31,2.8
285,MW-10s,2011-12-31,43.07416630159364
286,MW-10s,2012-12-31,43.07416630159364
287,MW-10s,2013-12-31,43.07416630159364
288,MW-10s,2014-12-31,43.07416630159364
289,MW-10s,2015-12-31,43.07416630159364
290,MW-105s,2021-12-31,430.7442870474617
291,MW-105s,2022-12-31,430.2223008337452
292,MW-105s,2023-12-31,430.0575050539283
293,MW-105s,2024-12-31,430.0124553403304
294,MW-105s,2025-12-31,430.00214135889615
295,DOLPH,2021-12-31,156.0
296,DOLPH,2022-12-31,162.0
297,DOLPH,2023-12-31,168.0
298,DOLPH,2024-12-31,174.0
299,DOLPH,2025-12-31,180.0
300,NMW-3d,2021-12-31,480.0
301,NMW-3d,2022-12-31,480.0
302,NMW-3d,2023-12-31,480.0
303,NMW-3d,2024-12-31,480.0
304,NMW-3d,2025-12-31,480.0
305,MW-39d,2021-12-31,14.75908559380035
306,MW-39d,2022-12-31,3.5181711876007
307,MW-39d,2023-12-31,0.0
308,MW-39d,2024-12-31,0.0
309,MW-39d,2025-12-31,0.0
310,MW-32,2021-12-31,18.33333333333333
311,MW-32,2022-12-31,17.666666666666668
312,MW-32,2023-12-31,17.0
313,MW-32,2024-12-31,16.333333333333332
314,MW-32,2025-12-31,15.666666666666666
315,MW-103d,2021-12-31,7.14868344942515
316,MW-103d,2022-12-31,6.795774896777206
317,MW-103d,2023-12-31,6.441152087111658
318,MW-103d,2024-12-31,6.0836938044204745
319,MW-103d,2025-12-31,5.725186410549864
320,MW-101,2021-12-31,79.0
321,MW-101,2022-12-31,65.0
322,MW-101,2023-12-31,51.0
323,MW-101,2024-12-31,37.0
324,MW-101,2025-12-31,23.0
325,440 Clarendon,2006-12-31,229.0739526933429
326,440 Clarendon,2007-12-31,269.2653373474405
327,440 Clarendon,2008-12-31,312.5826948717743
328,440 Clarendon,2009-12-31,359.01748435686284
329,440 Clarendon,2010-12-31,408.5697058027061
330,110 Parkland Plaza,2021-12-31,4.340737735078737
331,110 Parkland Plaza,2022-12-31,3.9430996526051967
332,110 Parkland Plaza,2023-12-31,3.5481699030446183
333,110 Parkland Plaza,2024-12-31,3.1547292530976976
334,110 Parkland Plaza,2025-12-31,2.764790252503517
335,TW-5,2021-12-31,774.6769965377164
336,TW-5,2022-12-31,763.0711351695461
337,TW-5,2023-12-31,616.0711351695461
338,TW-5,2024-12-31,638.217633593822
339,TW-5,2025-12-31,682.2176335938218
340,MW-99d,2021-12-31,0.5
341,MW-99d,2022-12-31,0.5
342,MW-99d,2023-12-31,0.5
343,MW-99d,2024-12-31,0.5
344,MW-99d,2025-12-31,0.5
345,MW-76s,2021-12-31,250.0
346,MW-76s,2022-12-31,250.0
347,MW-76s,2023-12-31,250.0
348,MW-76s,2024-12-31,250.0
349,MW-76s,2025-12-31,250.0
350,MW-57,2021-12-31,3.2000000000000006
351,MW-57,2022-12-31,3.2000000000000006
352,MW-57,2023-12-31,3.2000000000000006
353,MW-57,2024-12-31,3.2000000000000006
354,MW-57,2025-12-31,3.2000000000000006
355,MW-120s,2021-12-31,0.5
356,MW-120s,2022-12-31,0.5
357,MW-120s,2023-12-31,0.5
358,MW-120s,2024-12-31,0.5
359,MW-120s,2025-12-31,7.0
360,MW-68,2021-12-31,0.5
361,MW-68,2022-12-31,0.5
362,MW-68,2023-12-31,0.5
363,MW-68,2024-12-31,0.5
364,MW-68,2025-12-31,0.5
365,MW-129i,2021-12-31,0.4992326085443683
366,MW-129i,2022-12-31,0.4984702109164327
367,MW-129i,2023-12-31,0.4977127450329293
368,MW-129i,2024-12-31,0.4969580946769953
369,MW-129i,2025-12-31,0.4962103236458155
370,MW-50,2021-12-31,824.4114343966876
371,MW-50,2022-12-31,840.8019438197741
372,MW-50,2023-12-31,857.1924532428607
373,MW-50,2024-12-31,873.6278681712159
374,MW-50,2025-12-31,890.0183775943025
375,MW-92,2021-12-31,69.7543416999411
376,MW-92,2022-12-31,77.53932159783288
377,MW-92,2023-12-31,87.58320999854739
378,MW-92,2024-12-31,97.74993081719468
379,MW-92,2025-12-31,110.84799624010589
380,MW-66,2021-12-31,1.862602280271615
381,MW-66,2022-12-31,1.8892344445613145
382,MW-66,2023-12-31,1.795876274475689
383,MW-66,2024-12-31,1.8450084676801115
384,MW-66,2025-12-31,1.8857491564086637
385,MW-126d,2021-12-31,0.5
386,MW-126d,2022-12-31,0.5
387,MW-126d,2023-12-31,0.5
388,MW-126d,2024-12-31,0.5
389,MW-126d,2025-12-31,0.5
390,TW-15,2014-12-31,259.9104273089281
391,TW-15,2015-12-31,294.0720849662783
392,TW-15,2016-12-31,332.83641069369725
393,TW-15,2017-12-31,376.58318774972
394,TW-15,2018-12-31,426.0798781003871
395,MW-95,2021-12-31,22.22222222222222
396,MW-95,2022-12-31,24.69135802469136
397,MW-95,2023-12-31,27.434842249657063
398,MW-95,2024-12-31,30.48315805517452
399,MW-95,2025-12-31,33.87017561686058
400,MW-53s,2021-12-31,0.5
401,MW-53s,2022-12-31,0.5
402,MW-53s,2023-12-31,0.5
403,MW-53s,2024-12-31,0.5
404,MW-53s,2025-12-31,0.5
405,TW-12,2020-12-31,20.524835673061176
406,TW-12,2021-12-31,19.69271726447817
407,TW-12,2022-12-31,18.88708602028745
408,TW-12,2023-12-31,18.10479770307661
409,TW-12,2024-12-31,17.341124978994326
410,MW-88,2021-12-31,124.2245989304813
411,MW-88,2022-12-31,98.0322571420401
412,MW-88,2023-12-31,83.04519526309247
413,MW-88,2024-12-31,74.46971065856093
414,MW-88,2025-12-31,69.562882569337
415,MW-43,2016-12-31,0.5
416,MW-43,2017-12-31,0.5
417,MW-43,2018-12-31,0.5
418,MW-43,2019-12-31,0.5
419,MW-43,2020-12-31,0.5
420,MW-72s,2021-12-31,0.9057787485398408
421,MW-72s,2022-12-31,0.6794697842048806
422,MW-72s,2023-12-31,0.5065338921745591
423,MW-72s,2024-12-31,0.3752430894546175
424,MW-72s,2025-12-31,0.2762313389428448
425,NMW-1s,2021-12-31,1900.0
426,NMW-1s,2022-12-31,1900.0
427,NMW-1s,2023-12-31,1900.0
428,NMW-1s,2024-12-31,1900.0
429,NMW-1s,2025-12-31,1900.0
430,MW-12d,2011-12-31,1.7622340145692077
431,MW-12d,2012-12-31,1.759421891126594
432,MW-12d,2013-12-31,1.5997346560097392
433,MW-12d,2014-12-31,1.4621541763172383
434,MW-12d,2015-12-31,1.2564796256639532
435,MW-8s,2000-12-31,5.0
436,MW-8s,2001-12-31,5.0
437,MW-8s,2002-12-31,5.0
438,MW-8s,2003-12-31,5.0
439,MW-8s,2004-12-31,5.0
440,ARTESIAN #3,2021-12-31,7.132498325999748
441,ARTESIAN #3,2022-12-31,6.052130487510439
442,ARTESIAN #3,2023-12-31,4.971762649021127
443,ARTESIAN #3,2024-12-31,3.8913948105318177
444,ARTESIAN #3,2025-12-31,2.8110269720425087
445,MW-44,2017-12-31,0.5
446,MW-44,2018-12-31,0.5
447,MW-44,2019-12-31,0.5
448,MW-44,2020-12-31,0.5
449,MW-44,2021-12-31,0.5
450,MW-128d,2021-12-31,0.5
451,MW-128d,2022-12-31,0.5
452,MW-128d,2023-12-31,0.5
453,MW-128d,2024-12-31,0.5
454,MW-128d,2025-12-31,0.5
455,MW-86,2016-12-31,0.5
456,MW-86,2017-12-31,0.5
457,MW-86,2018-12-31,0.5
458,MW-86,2019-12-31,0.5
459,MW-86,2020-12-31,0.5
460,LB-2,2007-12-31,898.2519076220273
461,LB-2,2008-12-31,938.6655460635588
462,LB-2,2009-12-31,977.8012958704126
463,LB-2,2010-12-31,1015.7427332959414
464,LB-2,2011-12-31,1052.5466969892334
465,MW-75,2021-12-31,661.9461362050758
466,MW-75,2022-12-31,653.1870287639985
467,MW-75,2023-12-31,644.7169024580985
468,MW-75,2024-12-31,636.5216602083184
469,MW-75,2025-12-31,628.5950281166406
470,MW-81,2021-12-31,97.33332262187528
471,MW-81,2022-12-31,89.49013502346503
472,MW-81,2023-12-31,97.51024798070708
473,MW-81,2024-12-31,120.90351424914888
474,MW-81,2025-12-31,157.765428844797
475,MW-21,2005-12-31,0.5000000000000001
476,MW-21,2006-12-31,0.5000000000000002
477,MW-21,2007-12-31,0.5000000000000002
478,MW-21,2008-12-31,0.5000000000000003
479,MW-21,2009-12-31,0.5000000000000003
480,MW-4d,2021-12-31,599.4737463418074
481,MW-4d,2022-12-31,970.1116558622448
482,MW-4d,2023-12-31,615.8129759791635
483,MW-4d,2024-12-31,624.280671211869
484,MW-4d,2025-12-31,984.1000701970476
485,476 Barber,2012-12-31,
486,476 Barber,2013-12-31,
487,476 Barber,2014-12-31,
488,476 Barber,2015-12-31,
489,476 Barber,2016-12-31,
490,MW-26,2012-12-31,2.0
491,MW-26,2013-12-31,2.0
492,MW-26,2014-12-31,2.0
493,MW-26,2015-12-31,2.0
494,MW-26,2016-12-31,2.0
495,MW-122d,2021-12-31,0.5
496,MW-122d,2022-12-31,0.5
497,MW-122d,2023-12-31,0.5
498,MW-122d,2024-12-31,0.5
499,MW-122d,2025-12-31,2.5
500,MW-19,2000-12-31,1.9273180071541427
501,MW-19,2001-12-31,1.4799976183401276
502,MW-19,2002-12-31,1.5162156868849055
503,MW-19,2003-12-31,0.7038742885479315
504,MW-19,2004-12-31,0.8568412063358366
505,MW-115,2021-12-31,500.0
506,MW-115,2022-12-31,500.0
507,MW-115,2023-12-31,500.0
508,MW-115,2024-12-31,500.0
509,MW-115,2025-12-31,500.0
510,MW-2s,2021-12-31,1.3000000000000005
511,MW-2s,2022-12-31,1.3000000000000005
512,MW-2s,2023-12-31,1.3000000000000005
513,MW-2s,2024-12-31,1.3000000000000005
514,MW-2s,2025-12-31,1.3000000000000005
515,MW-18d,2021-12-31,61.19039426727532
516,MW-18d,2022-12-31,53.79143421443816
517,MW-18d,2023-12-31,47.28713435327031
518,MW-18d,2024-12-31,41.554640134806746
519,MW-18d,2025-12-31,36.52997693318575
520,MW-17,2021-12-31,340.46459044589176
521,MW-17,2022-12-31,400.9291808917835
522,MW-17,2023-12-31,461.3937713376753
523,MW-17,2024-12-31,521.858361783567
524,MW-17,2025-12-31,582.3229522294588
525,MW-124s,2021-12-31,0.5
526,MW-124s,2022-12-31,0.5
527,MW-124s,2023-12-31,0.5
528,MW-124s,2024-12-31,0.5
529,MW-124s,2025-12-31,0.5
530,MW-97d,2021-12-31,0.5
531,MW-97d,2022-12-31,0.5
532,MW-97d,2023-12-31,0.5
533,MW-97d,2024-12-31,0.5
534,MW-97d,2025-12-31,0.5
535,MW-28,2021-12-31,0.5
536,MW-28,2022-12-31,0.5
537,MW-28,2023-12-31,0.5
538,MW-28,2024-12-31,0.5
539,MW-28,2025-12-31,0.5
540,373 Pinewood Shallow,2021-12-31,220.3378092199285
541,373 Pinewood Shallow,2022-12-31,231.00428464583183
542,373 Pinewood Shallow,2023-12-31,242.0044033184768
543,373 Pinewood Shallow,2024-12-31,253.3266396993268
544,373 Pinewood Shallow,2025-12-31,265.0084605085456
545,MW-11d,2021-12-31,199.4026285304203
546,MW-11d,2022-12-31,83.54285039255491
547,MW-11d,2023-12-31,65.04864402241357
548,MW-11d,2024-12-31,78.52820744577487
549,MW-11d,2025-12-31,107.12742312367762
550,MW-58d,2021-12-31,9.516659330860572
551,MW-58d,2022-12-31,12.60135062354324
552,MW-58d,2023-12-31,9.911397642802894
553,MW-58d,2024-12-31,6.514173688627477
554,MW-58d,2025-12-31,6.748323091105784
555,LB-4,2021-12-31,502.3333333333333
556,LB-4,2022-12-31,502.3333333333333
557,LB-4,2023-12-31,502.3333333333333
558,LB-4,2024-12-31,502.3333333333333
559,LB-4,2025-12-31,502.3333333333333
560,MW-38s,2021-12-31,0.5
561,MW-38s,2022-12-31,0.5
562,MW-38s,2023-12-31,0.5
563,MW-38s,2024-12-31,0.5
564,MW-38s,2025-12-31,0.5
565,LB-3,2014-12-31,124.0
566,LB-3,2015-12-31,108.66666666666669
567,LB-3,2016-12-31,93.33333333333331
568,LB-3,2017-12-31,78.0
569,LB-3,2018-12-31,62.66666666666666
570,NMW-2s,2021-12-31,913.5914024753016
571,NMW-2s,2022-12-31,880.1233334226814
572,NMW-2s,2023-12-31,737.9755756156
573,NMW-2s,2024-12-31,664.6107240878777
574,NMW-2s,2025-12-31,525.3302122365335
575,ARTESIAN #2,2002-12-31,12.029870933936374
576,ARTESIAN #2,2003-12-31,4.7243040838745465
577,ARTESIAN #2,2004-12-31,12.08344254590029
578,ARTESIAN #2,2005-12-31,4.774096332477002
579,ARTESIAN #2,2006-12-31,12.129726858296268
580,MW-89,2021-12-31,0.5
581,MW-89,2022-12-31,0.5286340319094751
582,MW-89,2023-12-31,1.9904553226968416
583,MW-89,2024-12-31,3.019089354606317
584,MW-89,2025-12-31,5.17180419145685
585,MW-98s,2021-12-31,6.704615659661597
586,MW-98s,2022-12-31,9.806934889094167
587,MW-98s,2023-12-31,13.37216007951927
588,MW-98s,2024-12-31,17.35085126493237
589,MW-98s,2025-12-31,21.783952379971623
590,MW-16,2021-12-31,
591,MW-16,2022-12-31,
592,MW-16,2023-12-31,
593,MW-16,2024-12-31,
594,MW-16,2025-12-31,
595,MW-34d,2021-12-31,0.5
596,MW-34d,2022-12-31,0.5
597,MW-34d,2023-12-31,0.5
598,MW-34d,2024-12-31,0.5
599,MW-34d,2025-12-31,0.5
600,MW-113,2021-12-31,101.33122791204198
601,MW-113,2022-12-31,107.07241255259574
602,MW-113,2023-12-31,113.22355392166124
603,MW-113,2024-12-31,119.78916788908433
604,MW-113,2025-12-31,126.76134588429258
605,MW-121d,2021-12-31,2.298193201003277
606,MW-121d,2022-12-31,2.535697344033751
607,MW-121d,2023-12-31,2.779308806570621
608,MW-121d,2024-12-31,3.029168758451541
609,MW-121d,2025-12-31,3.285378691863181
610,170 Aprill,2021-12-31,3.8345565500068712
611,170 Aprill,2022-12-31,3.894338870796149
612,170 Aprill,2023-12-31,3.874143573718738
613,170 Aprill,2024-12-31,3.773562938621964
614,170 Aprill,2025-12-31,3.597193199713649
615,MW-108s,2021-12-31,270.40000000000003
616,MW-108s,2022-12-31,281.21600000000007
617,MW-108s,2023-12-31,292.4646400000001
618,MW-108s,2024-12-31,304.1632256000001
619,MW-108s,2025-12-31,316.3297546240001
620,MW-54s,2021-12-31,0.5
621,MW-54s,2022-12-31,0.5
622,MW-54s,2023-12-31,0.5
623,MW-54s,2024-12-31,0.5
624,MW-54s,2025-12-31,0.5
625,MW-27,2012-12-31,6.181899626701256
626,MW-27,2013-12-31,5.456446384682027
627,MW-27,2014-12-31,4.8135084696453525
628,MW-27,2015-12-31,4.244019447891493
629,MW-27,2016-12-31,3.739865563919973
630,MW-127s,2021-12-31,0.5
631,MW-127s,2022-12-31,0.5
632,MW-127s,2023-12-31,0.5
633,MW-127s,2024-12-31,0.5
634,MW-127s,2025-12-31,0.5
635,MW-94d,2021-12-31,3.0
636,MW-94d,2022-12-31,3.0
637,MW-94d,2023-12-31,3.0
638,MW-94d,2024-12-31,3.0
639,MW-94d,2025-12-31,3.0
640,580 Allison,2013-12-31,149.6694082574492
641,580 Allison,2014-12-31,65.12511258377474
642,580 Allison,2015-12-31,276.8306368120876
643,580 Allison,2016-12-31,239.39069387950045
644,580 Allison,2017-12-31,327.0289677586948
645,MW-20,2021-12-31,0.5
646,MW-20,2022-12-31,0.5
647,MW-20,2023-12-31,0.5
648,MW-20,2024-12-31,0.5
649,MW-20,2025-12-31,0.5
650,MW-52d,2021-12-31,0.5
651,MW-52d,2022-12-31,0.5
652,MW-52d,2023-12-31,0.5
653,MW-52d,2024-12-31,0.5
654,MW-52d,2025-12-31,0.5
655,MW-125,2021-12-31,209.78294075589096
656,MW-125,2022-12-31,209.3054099255301
657,MW-125,2023-12-31,209.00051053374867
658,MW-125,2024-12-31,208.94950779823628
659,MW-125,2025-12-31,209.2309811260953
660,2819 Dexter Rd,2021-12-31,115.77705895789224
661,2819 Dexter Rd,2022-12-31,97.722996902001
662,2819 Dexter Rd,2023-12-31,97.0451688947775
663,2819 Dexter Rd,2024-12-31,114.17017430376109
664,2819 Dexter Rd,2025-12-31,148.5665846086782
665,MW-63i,2020-12-31,0.5
666,MW-63i,2021-12-31,0.5
667,MW-63i,2022-12-31,0.5
668,MW-63i,2023-12-31,0.5
669,MW-63i,2024-12-31,0.5
670,5115 Jackson Rd,2018-12-31,0.5
671,5115 Jackson Rd,2019-12-31,0.5
672,5115 Jackson Rd,2020-12-31,0.5
673,5115 Jackson Rd,2021-12-31,0.5
674,5115 Jackson Rd,2022-12-31,0.5
675,MW-45s,2021-12-31,1.3
676,MW-45s,2022-12-31,1.3
677,MW-45s,2023-12-31,1.3
678,MW-45s,2024-12-31,1.3
679,MW-45s,2025-12-31,1.3
680,MW-83s,2021-12-31,462.0
681,MW-83s,2022-12-31,494.0
682,MW-83s,2023-12-31,526.0
683,MW-83s,2024-12-31,558.0
684,MW-83s,2025-12-31,590.0
685,MW-25d,2021-12-31,
686,MW-25d,2022-12-31,
687,MW-25d,2023-12-31,
688,MW-25d,2024-12-31,
689,MW-25d,2025-12-31,
690,MW-130d,2021-12-31,0.5
691,MW-130d,2022-12-31,0.5
692,MW-130d,2023-12-31,0.5
693,MW-130d,2024-12-31,0.5
694,MW-130d,2025-12-31,0.5
695,MW-65d,2021-12-31,21.099508207378555
696,MW-65d,2022-12-31,22.194496022217763
697,MW-65d,2023-12-31,20.28516879389781
698,MW-65d,2024-12-31,19.37171151932928
699,MW-65d,2025-12-31,20.454322839495983
700,MW-KD-1d,2021-12-31,330.4109738240389
701,MW-KD-1d,2022-12-31,340.8219486846101
702,MW-KD-1d,2023-12-31,351.2329235451813
703,MW-KD-1d,2024-12-31,361.6724216245485
704,MW-KD-1d,2025-12-31,372.0833964851197
705,MW-63s,2020-12-31,0.6292406810520087
706,MW-63s,2021-12-31,0.7002340449102332
707,MW-63s,2022-12-31,0.7675407981052921
708,MW-63s,2023-12-31,0.83136824429942
709,MW-63s,2024-12-31,0.8919190308485346
710,4601 Park 6 inch,2021-12-31,1.6133176642978213
711,4601 Park 6 inch,2022-12-31,1.5941904602264865
712,4601 Park 6 inch,2023-12-31,1.5751340889115173
713,4601 Park 6 inch,2024-12-31,1.5560946896314007
714,4601 Park 6 inch,2025-12-31,1.5371744545345642
715,MW-40d,2021-12-31,0.5
716,MW-40d,2022-12-31,0.5
717,MW-40d,2023-12-31,0.5
718,MW-40d,2024-12-31,0.5
719,MW-40d,2025-12-31,0.5
720,305 Pinewood,2012-12-31,2.9968870834719468
721,305 Pinewood,2013-12-31,3.006831264635547
722,305 Pinewood,2014-12-31,2.9888669364589107
723,305 Pinewood,2015-12-31,3.009892896370554
724,305 Pinewood,2016-12-31,3.67700336792647
725,Saginaw Forest Cabin #1,2021-12-31,0.5
726,Saginaw Forest Cabin #1,2022-12-31,6.805547971314268
727,Saginaw Forest Cabin #1,2023-12-31,0.5
728,Saginaw Forest Cabin #1,2024-12-31,0.5
729,Saginaw Forest Cabin #1,2025-12-31,0.5
730,MW-133d,2021-12-31,6.048165362068878
731,MW-133d,2022-12-31,8.507073188206077
732,MW-133d,2023-12-31,10.96068164204175
733,MW-133d,2024-12-31,13.409213069800984
734,MW-133d,2025-12-31,15.852907497309706
735,MW-1 Replacement,2021-12-31,383.572752238879
736,MW-1 Replacement,2022-12-31,0.0
737,MW-1 Replacement,2023-12-31,0.0
738,MW-1 Replacement,2024-12-31,0.0
739,MW-1 Replacement,2025-12-31,0.0
740,430 Barber East,2012-12-31,9.0
741,430 Barber East,2013-12-31,0.5
742,430 Barber East,2014-12-31,0.5
743,430 Barber East,2015-12-31,0.5
744,430 Barber East,2016-12-31,0.5
745,AMW-2,2021-12-31,22.0
746,AMW-2,2022-12-31,0.0
747,AMW-2,2023-12-31,0.0
748,AMW-2,2024-12-31,193.0
749,AMW-2,2025-12-31,31.0
750,MW-1,2013-12-31,1468.977543790075
751,MW-1,2014-12-31,1874.076165172844
752,MW-1,2015-12-31,2296.340370187421
753,MW-1,2016-12-31,2743.5247592860887
754,MW-1,2017-12-31,3204.1310588611127
755,MW-400 Clarendon,2016-12-31,0.5
756,MW-400 Clarendon,2017-12-31,0.5
757,MW-400 Clarendon,2018-12-31,0.5
758,MW-400 Clarendon,2019-12-31,0.5
759,MW-400 Clarendon,2020-12-31,0.5
760,MW-BE-1d,2021-12-31,419.0
761,MW-BE-1d,2022-12-31,600.6
762,MW-BE-1d,2023-12-31,588.6
763,MW-BE-1d,2024-12-31,503.6
764,MW-BE-1d,2025-12-31,570.4
765,3563 ELIZABETH RD,2021-12-31,2.0
766,3563 ELIZABETH RD,2022-12-31,2.0
767,3563 ELIZABETH RD,2023-12-31,2.0
768,3563 ELIZABETH RD,2024-12-31,2.0
769,3563 ELIZABETH RD,2025-12-31,2.0
770,MW-62s,2021-12-31,0.5
771,MW-62s,2022-12-31,0.5
772,MW-62s,2023-12-31,0.5
773,MW-62s,2024-12-31,0.5
774,MW-62s,2025-12-31,0.5
775,333 Jackson Plaza,2012-12-31,19.0
776,333 Jackson Plaza,2013-12-31,19.0
777,333 Jackson Plaza,2014-12-31,19.0
778,333 Jackson Plaza,2015-12-31,19.0
779,333 Jackson Plaza,2016-12-31,19.0
780,MW-87d,2018-12-31,196.28010053279732
781,MW-87d,2019-12-31,105.0
782,MW-87d,2020-12-31,80.0
783,MW-87d,2021-12-31,60.0
784,MW-87d,2022-12-31,40.0
785,MW-134s,2021-12-31,9.666666666666666
786,MW-134s,2022-12-31,9.666666666666666
787,MW-134s,2023-12-31,9.666666666666666
788,MW-134s,2024-12-31,10.333333333333334
789,MW-134s,2025-12-31,10.333333333333334
790,MW-41d,2021-12-31,20.672668941582472
791,MW-41d,2022-12-31,19.30815996724353
792,MW-41d,2023-12-31,17.906473076983165
793,MW-41d,2024-12-31,16.467506413497492
794,MW-41d,2025-12-31,14.991361834090403
795,MW-112i,2021-12-31,15.869999999999994
796,MW-112i,2022-12-31,15.869999999999994
797,MW-112i,2023-12-31,15.869999999999994
798,MW-112i,2024-12-31,15.869999999999994
799,MW-112i,2025-12-31,15.869999999999994
800,MW-47s,2016-12-31,0.5
801,MW-47s,2017-12-31,0.5
802,MW-47s,2018-12-31,0.5
803,MW-47s,2019-12-31,0.5
804,MW-47s,2020-12-31,0.5
805,MW-112s,2021-12-31,0.500468310116458
806,MW-112s,2022-12-31,0.5004823062560843
807,MW-112s,2023-12-31,0.5004949986078194
808,MW-112s,2024-12-31,0.5005065030849704
809,MW-112s,2025-12-31,0.5005169316984538
810,MW-61s,2021-12-31,1.7666253347426817
811,MW-61s,2022-12-31,0.2136328355285397
812,MW-61s,2023-12-31,0.0
813,MW-61s,2024-12-31,0.0
814,MW-61s,2025-12-31,0.0
815,584 Allison,2005-12-31,180482.13880824271
816,584 Allison,2006-12-31,
817,584 Allison,2007-12-31,
818,584 Allison,2008-12-31,
819,584 Allison,2009-12-31,
820,MW-134i,2021-12-31,8.608691598482165
821,MW-134i,2022-12-31,8.53626530709835
822,MW-134i,2023-12-31,8.441853902330186
823,MW-134i,2024-12-31,8.326284283121517
824,MW-134i,2025-12-31,8.190465753276186
825,MW-42d,2021-12-31,0.5
826,MW-42d,2022-12-31,0.5
827,MW-42d,2023-12-31,0.5
828,MW-42d,2024-12-31,0.5
829,MW-42d,2025-12-31,0.5
830,MW-62i,2021-12-31,0.5
831,MW-62i,2022-12-31,0.5
832,MW-62i,2023-12-31,0.5
833,MW-62i,2024-12-31,0.5
834,MW-62i,2025-12-31,0.5
835,354 Pinewood,2013-12-31,2.356601221169158
836,354 Pinewood,2014-12-31,
837,354 Pinewood,2015-12-31,
838,354 Pinewood,2016-12-31,
839,354 Pinewood,2017-12-31,
840,MW-84d,2016-12-31,2.4490852118865014
841,MW-84d,2017-12-31,2.449085211886502
842,MW-84d,2018-12-31,1.9490852118865023
843,MW-84d,2019-12-31,0.9490852118865034
844,MW-84d,2020-12-31,0.0
845,MW-131d,2021-12-31,0.4999880284926217
846,MW-131d,2022-12-31,0.4999760584584034
847,MW-131d,2023-12-31,0.499964089897003
848,MW-131d,2024-12-31,0.4999520900235386
849,MW-131d,2025-12-31,0.4999401244107473
850,MW-82s,2021-12-31,348.7
851,MW-82s,2022-12-31,356.3
852,MW-82s,2023-12-31,363.0
853,MW-82s,2024-12-31,368.6
854,MW-82s,2025-12-31,373.2
855,MW-64,2021-12-31,43.45612832737709
856,MW-64,2022-12-31,45.06552966104265
857,MW-64,2023-12-31,49.893861109990816
858,MW-64,2024-12-31,53.57606296557
859,MW-64,2025-12-31,74.98350313292549
860,MW-30i,2021-12-31,3.1537049275710167
861,MW-30i,2022-12-31,3.8352370749678
862,MW-30i,2023-12-31,4.888462698858889
863,MW-30i,2024-12-31,7.294858629215128
864,MW-30i,2025-12-31,17.129218035158985
865,MW-90,2021-12-31,14.73577818504183
866,MW-90,2022-12-31,14.73577818504183
867,MW-90,2023-12-31,14.73577818504183
868,MW-90,2024-12-31,14.73577818504183
869,MW-90,2025-12-31,14.73577818504183
870,PMW-2,2021-12-31,5440.149272881858
871,PMW-2,2022-12-31,5541.476687059791
872,PMW-2,2023-12-31,5642.8041012377225
873,PMW-2,2024-12-31,5744.409124769567
874,PMW-2,2025-12-31,5845.736538947499
875,MW-59d,2021-12-31,0.5
876,MW-59d,2022-12-31,0.5
877,MW-59d,2023-12-31,0.5
878,MW-59d,2024-12-31,0.5
879,MW-59d,2025-12-31,0.5
880,TW-17,2021-12-31,
881,TW-17,2022-12-31,
882,TW-17,2023-12-31,
883,TW-17,2024-12-31,
884,TW-17,2025-12-31,
885,MW-10d,2021-12-31,1733.897921907297
886,MW-10d,2022-12-31,1333.897921907297
887,MW-10d,2023-12-31,1003.8979219072968
888,MW-10d,2024-12-31,753.8979219072967
889,MW-10d,2025-12-31,363.8979219072966
890,MW-105d,2021-12-31,171.6926434178095
891,MW-105d,2022-12-31,155.14928317786894
892,MW-105d,2023-12-31,140.1999502799295
893,MW-105d,2024-12-31,126.69105300319244
894,MW-105d,2025-12-31,114.48379888159964
895,NMW-3s,2021-12-31,410.0
896,NMW-3s,2022-12-31,410.0
897,NMW-3s,2023-12-31,410.0
898,NMW-3s,2024-12-31,410.0
899,NMW-3s,2025-12-31,410.0
900,MW-39s,2021-12-31,1.5109892804344236
901,MW-39s,2022-12-31,1.5228646404935409
902,MW-39s,2023-12-31,1.5332775907938236
903,MW-39s,2024-12-31,1.498868872113298
904,MW-39s,2025-12-31,1.514955812892918
905,3225 Dexter Rd,2012-12-31,0.5
906,3225 Dexter Rd,2013-12-31,0.5
907,3225 Dexter Rd,2014-12-31,0.5
908,3225 Dexter Rd,2015-12-31,0.5
909,3225 Dexter Rd,2016-12-31,0.5
910,TW-10,2021-12-31,345.4150359297805
911,TW-10,2022-12-31,358.795971046544
912,TW-10,2023-12-31,372.1769061633075
913,TW-10,2024-12-31,385.606687961169
914,TW-10,2025-12-31,398.9876230779325
915,MW-103s,2021-12-31,76.0
916,MW-103s,2022-12-31,76.0
917,MW-103s,2023-12-31,76.0
918,MW-103s,2024-12-31,76.0
919,MW-103s,2025-12-31,76.0
920,MW-55,2017-12-31,20.5
921,MW-55,2018-12-31,39.0
922,MW-55,2019-12-31,38.0
923,MW-55,2020-12-31,50.0
924,MW-55,2021-12-31,46.0
925,TW-19,2021-12-31,559.6126914660831
926,TW-19,2022-12-31,559.6126914660831
927,TW-19,2023-12-31,559.6126914660831
928,TW-19,2024-12-31,559.6126914660831
929,TW-19,2025-12-31,559.6126914660831
930,MW-99s,2021-12-31,0.5
931,MW-99s,2022-12-31,0.5
932,MW-99s,2023-12-31,0.5
933,MW-99s,2024-12-31,0.5
934,MW-99s,2025-12-31,0.5
935,TW-21,2021-12-31,237.8970216929029
936,TW-21,2022-12-31,240.26078120704616
937,TW-21,2023-12-31,243.06996340856276
938,TW-21,2024-12-31,230.32074082119576
939,TW-21,2025-12-31,232.86053321363903
940,AE-2,2007-12-31,14.5093643878005
941,AE-2,2008-12-31,17.391930208198875
942,AE-2,2009-12-31,21.76444311771939
943,AE-2,2010-12-31,29.41295770076681
944,AE-2,2011-12-31,41.79272139249353
945,MW-76d,2016-12-31,4.274655213038695
946,MW-76d,2017-12-31,4.515572105646012
947,MW-76d,2018-12-31,4.756488998253328
948,MW-76d,2019-12-31,4.997405890860646
949,MW-76d,2020-12-31,5.238982829749078
950,MW-120d,2021-12-31,0.5
951,MW-120d,2022-12-31,0.5
952,MW-120d,2023-12-31,0.5
953,MW-120d,2024-12-31,0.5
954,MW-120d,2025-12-31,0.5
955,MW-104,2021-12-31,20.402824619020976
956,MW-104,2022-12-31,23.751009845364024
957,MW-104,2023-12-31,27.35556587974861
958,MW-104,2024-12-31,31.22739612341684
959,MW-104,2025-12-31,35.34531458099809
960,3365 Jackson Rd,2021-12-31,181.9999999999997
961,3365 Jackson Rd,2022-12-31,181.9999999999997
962,3365 Jackson Rd,2023-12-31,181.9999999999997
963,3365 Jackson Rd,2024-12-31,181.9999999999997
964,3365 Jackson Rd,2025-12-31,181.9999999999997
965,PW-1,2021-12-31,869.5794424803187
966,PW-1,2022-12-31,867.247131519087
967,PW-1,2023-12-31,864.9210760811052
968,PW-1,2024-12-31,862.5949122804624
969,PW-1,2025-12-31,860.2813346235712
970,MW-126s,2021-12-31,0.5
971,MW-126s,2022-12-31,0.5
972,MW-126s,2023-12-31,0.5
973,MW-126s,2024-12-31,0.5
974,MW-126s,2025-12-31,0.5
975,MW-37,2021-12-31,344.9999999555555
976,MW-37,2022-12-31,389.9999999333333
977,MW-37,2023-12-31,434.999999911111
978,MW-37,2024-12-31,210.00000002222225
979,MW-37,2025-12-31,255.0
980,2805 Dexter Rd,2008-12-31,339.7393549950486
981,2805 Dexter Rd,2009-12-31,155.14468458290452
982,2805 Dexter Rd,2010-12-31,212.5500141707604
983,2805 Dexter Rd,2011-12-31,197.9553437586162
984,2805 Dexter Rd,2012-12-31,284.58631181920254
985,MW-135,2021-12-31,0.5
986,MW-135,2022-12-31,0.5
987,MW-135,2023-12-31,0.5
988,MW-135,2024-12-31,0.5
989,MW-135,2025-12-31,0.5
990,MW-53d,2021-12-31,0.5000000000000002
991,MW-53d,2022-12-31,0.5000000000000002
992,MW-53d,2023-12-31,0.5000000000000002
993,MW-53d,2024-12-31,0.5000000000000002
994,MW-53d,2025-12-31,0.5000000000000002
995,TW-9,2021-12-31,48.321833679565145
996,TW-9,2022-12-31,48.321833679565145
997,TW-9,2023-12-31,48.321833679565145
998,TW-9,2024-12-31,48.321833679565145
999,TW-9,2025-12-31,48.321833679565145
1000,TW-20,2021-12-31,740.0
1001,TW-20,2022-12-31,740.0
1002,TW-20,2023-12-31,740.0
1003,TW-20,2024-12-31,740.0
1004,TW-20,2025-12-31,740.0
1005,AE-3,2012-12-31,128.085649564739
1006,AE-3,2013-12-31,141.13369616282571
1007,AE-3,2014-12-31,153.47113368138722
1008,AE-3,2015-12-31,164.9737348563232
1009,AE-3,2016-12-31,176.33486659000616
1010,TW-18,2021-12-31,300.0
1011,TW-18,2022-12-31,300.0
1012,TW-18,2023-12-31,300.0
1013,TW-18,2024-12-31,300.0
1014,TW-18,2025-12-31,300.0
1015,MW-106d,2021-12-31,0.5
1016,MW-106d,2022-12-31,0.5
1017,MW-106d,2023-12-31,0.5
1018,MW-106d,2024-12-31,0.5
1019,MW-106d,2025-12-31,0.5
1020,MW-96,2021-12-31,130.0
1021,MW-96,2022-12-31,130.0
1022,MW-96,2023-12-31,130.0
1023,MW-96,2024-12-31,130.0
1024,MW-96,2025-12-31,130.0
1025,PMW-4,2021-12-31,938.4177918954838
1026,PMW-4,2022-12-31,1113.1856708373514
1027,PMW-4,2023-12-31,1221.4215437232851
1028,PMW-4,2024-12-31,931.810825735283
1029,PMW-4,2025-12-31,500.0
1030,TW-11,2021-12-31,137.9293813393299
1031,TW-11,2022-12-31,137.9293813393299
1032,TW-11,2023-12-31,137.9293813393299
1033,TW-11,2024-12-31,137.9293813393299
1034,TW-11,2025-12-31,137.9293813393299
1035,MW-129d,2021-12-31,1.3045348067975204
1036,MW-129d,2022-12-31,1.373235189887196
1037,MW-129d,2023-12-31,1.442844443124667
1038,MW-129d,2024-12-31,1.513596448306522
1039,MW-129d,2025-12-31,1.5851456065362342
1040,MW-91,2021-12-31,152.20000000000005
1041,MW-91,2022-12-31,125.2000000000001
1042,MW-91,2023-12-31,98.20000000000016
1043,MW-91,2024-12-31,71.20000000000022
1044,MW-91,2025-12-31,44.20000000000027
1045,PMW-3,2021-12-31,6176.979937647893
1046,PMW-3,2022-12-31,6517.780041151696
1047,PMW-3,2023-12-31,6946.5658027451245
1048,PMW-3,2024-12-31,7471.337322805194
1049,PMW-3,2025-12-31,8095.851619037046
1050,MW-15s,2021-12-31,5.318230216449197
1051,MW-15s,2022-12-31,5.318230216449197
1052,MW-15s,2023-12-31,5.318230216449197
1053,MW-15s,2024-12-31,5.318230216449197
1054,MW-15s,2025-12-31,5.318230216449197
1055,4601 Park 4 inch,2021-12-31,0.3547474476927448
1056,4601 Park 4 inch,2022-12-31,0.2094948953854887
1057,4601 Park 4 inch,2023-12-31,0.0642423430782335
1058,4601 Park 4 inch,2024-12-31,0.0
1059,4601 Park 4 inch,2025-12-31,0.0
1060,MW-56s,2021-12-31,70.71913264056016
1061,MW-56s,2022-12-31,73.60775968884803
1062,MW-56s,2023-12-31,76.68050730038988
1063,MW-56s,2024-12-31,79.95363033481961
1064,MW-56s,2025-12-31,83.44523646593751
1065,MW-5d,2021-12-31,3444.138400027005
1066,MW-5d,2022-12-31,3205.10884502158
1067,MW-5d,2023-12-31,2980.1585405903243
1068,MW-5d,2024-12-31,2768.0473459943164
1069,MW-5d,2025-12-31,2569.2797674780354
1070,TW-8,2019-12-31,645.0312500000001
1071,TW-8,2020-12-31,645.0312500000001
1072,TW-8,2021-12-31,645.0312500000001
1073,TW-8,2022-12-31,645.0312500000001
1074,TW-8,2023-12-31,645.0312500000001
1075,MW-31,2021-12-31,0.785376102645513
1076,MW-31,2022-12-31,0.0
1077,MW-31,2023-12-31,0.0
1078,MW-31,2024-12-31,0.0
1079,MW-31,2025-12-31,0.0
1080,MW-123d,2021-12-31,0.5
1081,MW-123d,2022-12-31,0.5
1082,MW-123d,2023-12-31,0.5
1083,MW-123d,2024-12-31,0.5
1084,MW-123d,2025-12-31,0.5
1085,MW-36,2021-12-31,0.4999694859430946
1086,MW-36,2022-12-31,0.4999389718861894
1087,MW-36,2023-12-31,0.499908457829284
1088,MW-36,2024-12-31,0.499908457829284
1089,MW-36,2025-12-31,0.4998779437723787
1090,456 Clarendon,2021-12-31,482.13365018934905
1091,456 Clarendon,2022-12-31,417.2617100333924
1092,456 Clarendon,2023-12-31,357.8077790455717
1093,456 Clarendon,2024-12-31,305.9350721742139
1094,456 Clarendon,2025-12-31,263.9259701118301
1095,TW-6,2021-12-31,85.17654337087562
1096,TW-6,2022-12-31,93.50308674175125
1097,TW-6,2023-12-31,101.82963011262687
1098,TW-6,2024-12-31,110.1561734835025
1099,TW-6,2025-12-31,118.48271685437813
1100,373 Pinewood Deep,2021-12-31,0.5
1101,373 Pinewood Deep,2022-12-31,0.5
1102,373 Pinewood Deep,2023-12-31,0.5
1103,373 Pinewood Deep,2024-12-31,0.5
1104,373 Pinewood Deep,2025-12-31,0.5
1105,TW-1,2021-12-31,40.0
1106,TW-1,2022-12-31,40.0
1107,TW-1,2023-12-31,40.0
1108,TW-1,2024-12-31,40.0
1109,TW-1,2025-12-31,40.0
1110,MW-79s,2021-12-31,193.0827096067322
1111,MW-79s,2022-12-31,
1112,MW-79s,2023-12-31,243.0827096067322
1113,MW-79s,2024-12-31,256.41604294006555
1114,MW-79s,2025-12-31,237.3045233322224
1115,MW-11s,2011-12-31,1120.6338164060658
1116,MW-11s,2012-12-31,64.1690363170429
1117,MW-11s,2013-12-31,0.0
1118,MW-11s,2014-12-31,0.0
1119,MW-11s,2015-12-31,0.0
1120,MW-58s,2021-12-31,171.35096194338524
1121,MW-58s,2022-12-31,171.53347176063275
1122,MW-58s,2023-12-31,171.5581281423723
1123,MW-58s,2024-12-31,171.56145912571148
1124,MW-58s,2025-12-31,171.561909128884
1125,597 Allison,2004-12-31,13.706056506800484
1126,597 Allison,2005-12-31,16.766815407224282
1127,597 Allison,2006-12-31,20.23549055190472
1128,597 Allison,2007-12-31,24.167410091434093
1129,597 Allison,2008-12-31,28.631702428247987
1130,MW-22,2021-12-31,340.7650160476567
1131,MW-22,2022-12-31,347.629368212142
1132,MW-22,2023-12-31,270.0
1133,MW-22,2024-12-31,270.0
1134,MW-22,2025-12-31,270.0
1135,MW-118,2021-12-31,52.13
1136,MW-118,2022-12-31,50.39
1137,MW-118,2023-12-31,48.76
1138,MW-118,2024-12-31,47.22
1139,MW-118,2025-12-31,45.78
1140,MW-38d,2021-12-31,32.21933647145313
1141,MW-38d,2022-12-31,32.100796824461206
1142,MW-38d,2023-12-31,32.0472961802149
1143,MW-38d,2024-12-31,32.012579825669775
1144,MW-38d,2025-12-31,32.02275962741443
1145,NMW-2d,2021-12-31,841.3362548224422
1146,NMW-2d,2022-12-31,841.3362548224422
1147,NMW-2d,2023-12-31,841.3362548224422
1148,NMW-2d,2024-12-31,841.3362548224422
1149,NMW-2d,2025-12-31,841.3362548224422
1150,MW-13,2011-12-31,0.5
1151,MW-13,2012-12-31,0.5
1152,MW-13,2013-12-31,0.5
1153,MW-13,2014-12-31,0.5
1154,MW-13,2015-12-31,0.5
1155,MW-98d,2021-12-31,16.111013782583775
1156,MW-98d,2022-12-31,16.38553843696062
1157,MW-98d,2023-12-31,16.660063091337463
1158,MW-98d,2024-12-31,16.935339868055063
1159,MW-98d,2025-12-31,17.209864522431907
1160,175 Jackson Plaza,2021-12-31,729.1570100502173
1161,175 Jackson Plaza,2022-12-31,734.1352923146819
1162,175 Jackson Plaza,2023-12-31,738.6168742077956
1163,175 Jackson Plaza,2024-12-31,742.6501516091104
1164,175 Jackson Plaza,2025-12-31,746.2810150297446
1165,MW-116,2021-12-31,602.7702622540018
1166,MW-116,2022-12-31,665.0969760037098
1167,MW-116,2023-12-31,812.2132887265024
1168,MW-116,2024-12-31,790.8249897955617
1169,MW-116,2025-12-31,710.7561786409879
1170,MW-78,2021-12-31,22.000000000000004
1171,MW-78,2022-12-31,22.000000000000004
1172,MW-78,2023-12-31,22.000000000000004
1173,MW-78,2024-12-31,22.000000000000004
1174,MW-78,2025-12-31,22.000000000000004
1175,MW-34s,2021-12-31,0.5
1176,MW-34s,2022-12-31,0.5
1177,MW-34s,2023-12-31,0.5
1178,MW-34s,2024-12-31,0.5
1179,MW-34s,2025-12-31,0.5
1180,MW-121s,2021-12-31,0.5
1181,MW-121s,2022-12-31,0.5
1182,MW-121s,2023-12-31,0.5
1183,MW-121s,2024-12-31,0.5
1184,MW-121s,2025-12-31,0.5
1185,MW-108d,2021-12-31,393.6586951045962
1186,MW-108d,2022-12-31,127.31739020919235
1187,MW-108d,2023-12-31,0.0
1188,MW-108d,2024-12-31,0.0
1189,MW-108d,2025-12-31,0.0
1190,MW-54d,2021-12-31,38.73323647437142
1191,MW-54d,2022-12-31,62.386046592413386
1192,MW-54d,2023-12-31,29.410838429076545
1193,MW-54d,2024-12-31,22.26189449153826
1194,MW-54d,2025-12-31,25.852496479211
1195,4742 Park Rd,2021-12-31,2.333689693409833
1196,4742 Park Rd,2022-12-31,2.0031197015674795
1197,4742 Park Rd,2023-12-31,1.7019414394805588
1198,4742 Park Rd,2024-12-31,1.4271340989492494
1199,4742 Park Rd,2025-12-31,1.1780456192423432
1200,MW-49,2021-12-31,0.5
1201,MW-49,2022-12-31,0.5
1202,MW-49,2023-12-31,0.5
1203,MW-49,2024-12-31,0.5
1204,MW-49,2025-12-31,0.5
1205,MW-127d,2021-12-31,0.5
1206,MW-127d,2022-12-31,0.5
1207,MW-127d,2023-12-31,0.5
1208,MW-127d,2024-12-31,0.5
1209,MW-127d,2025-12-31,0.5
1210,MW-94s,2021-12-31,829.9608072244276
1211,MW-94s,2022-12-31,929.931626253158
1212,MW-94s,2023-12-31,1029.9124570861916
1213,MW-94s,2024-12-31,1129.903299723528
1214,MW-94s,2025-12-31,1229.9041541651673
1215,MW-52s,2021-12-31,0.0
1216,MW-52s,2022-12-31,1628.8387395098932
1217,MW-52s,2023-12-31,1815.916067800492
1218,MW-52s,2024-12-31,4977.34799694406
1219,MW-52s,2025-12-31,4209.640214502338
1220,MW-85,2021-12-31,459.5941913695244
1221,MW-85,2022-12-31,399.7421170411633
1222,MW-85,2023-12-31,347.68446411472047
1223,MW-85,2024-12-31,302.2906047901204
1224,MW-85,2025-12-31,262.92387630134266
1225,MW-71,2021-12-31,743.5908316703166
1226,MW-71,2022-12-31,493.4563996503665
1227,MW-71,2023-12-31,230.7554212359464
1228,MW-71,2024-12-31,499.4326875061024
1229,MW-71,2025-12-31,629.5550476252225
1230,LB-1,2020-12-31,400.0
1231,LB-1,2021-12-31,400.0
1232,LB-1,2022-12-31,400.0
1233,LB-1,2023-12-31,400.0
1234,LB-1,2024-12-31,400.0
1235,MW-52i,2021-12-31,
1236,MW-52i,2022-12-31,
1237,MW-52i,2023-12-31,
1238,MW-52i,2024-12-31,
1239,MW-52i,2025-12-31,
1240,MW-72d,2021-12-31,122.4966499680851
1241,MW-72d,2022-12-31,147.28919431628063
1242,MW-72d,2023-12-31,179.06971433816216
1243,MW-72d,2024-12-31,198.32240925267396
1244,MW-72d,2025-12-31,213.8415581873489
1245,MW-117,2021-12-31,4.0
1246,MW-117,2022-12-31,4.0
1247,MW-117,2023-12-31,4.0
1248,MW-117,2024-12-31,4.0
1249,MW-117,2025-12-31,4.0
1250,NMW-1d,2021-12-31,704.2181226550521
1251,NMW-1d,2022-12-31,688.4362453101041
1252,NMW-1d,2023-12-31,672.6543679651562
1253,NMW-1d,2024-12-31,657.0448730269685
1254,NMW-1d,2025-12-31,642.132862937254
1255,MW-8d,2013-12-31,0.5
1256,MW-8d,2014-12-31,0.5
1257,MW-8d,2015-12-31,0.5
1258,MW-8d,2016-12-31,0.5
1259,MW-8d,2017-12-31,0.5
1260,545 Allison,2012-12-31,17.021063446381472
1261,545 Allison,2013-12-31,19.716820572950866
1262,545 Allison,2014-12-31,22.60412547475768
1263,545 Allison,2015-12-31,25.682978151801915
1264,545 Allison,2016-12-31,28.95337860408357
1265,MW-110,2021-12-31,97.10779284234422
1266,MW-110,2022-12-31,102.19527703713956
1267,MW-110,2023-12-31,104.91520122628488
1268,MW-110,2024-12-31,114.1891910072812
1269,MW-110,2025-12-31,113.0950495788742
1270,MW-119,2021-12-31,42.0460194044787
1271,MW-119,2022-12-31,30.280166469809597
1272,MW-119,2023-12-31,11.823050728222334
1273,MW-119,2024-12-31,0.0
1274,MW-119,2025-12-31,0.0
1275,MW-128s,2021-12-31,0.5
1276,MW-128s,2022-12-31,0.5
1277,MW-128s,2023-12-31,0.5
1278,MW-128s,2024-12-31,0.5
1279,MW-128s,2025-12-31,0.5
1280,MW-23,2021-12-31,
1281,MW-23,2022-12-31,
1282,MW-23,2023-12-31,
1283,MW-23,2024-12-31,
1284,MW-23,2025-12-31,
1285,MW-24,2021-12-31,470.0
1286,MW-24,2022-12-31,470.0
1287,MW-24,2023-12-31,470.0
1288,MW-24,2024-12-31,470.0
1289,MW-24,2025-12-31,470.0
1290,MW-14d,2011-12-31,0.5
1291,MW-14d,2012-12-31,0.5
1292,MW-14d,2013-12-31,0.5
1293,MW-14d,2014-12-31,0.5
1294,MW-14d,2015-12-31,0.5
1295,MW-4s,2011-12-31,1.6115462320204568
1296,MW-4s,2012-12-31,1.599984106062319
1297,MW-4s,2013-12-31,2.5565697998101444
1298,MW-4s,2014-12-31,2.384277046747606
1299,MW-4s,2015-12-31,2.1176158041599016
1300,MW-70,2021-12-31,0.5
1301,MW-70,2022-12-31,0.5
1302,MW-70,2023-12-31,0.5
1303,MW-70,2024-12-31,0.5
1304,MW-70,2025-12-31,0.5
1305,2678 Valley,2004-12-31,0.5
1306,2678 Valley,2005-12-31,0.5
1307,2678 Valley,2006-12-31,0.5
1308,2678 Valley,2007-12-31,0.5
1309,2678 Valley,2008-12-31,0.5
1310,MW-48,2021-12-31,48.471263866530194
1311,MW-48,2022-12-31,39.22211639307938
1312,MW-48,2023-12-31,30.398121524490254
1313,MW-48,2024-12-31,21.933815723320773
1314,MW-48,2025-12-31,13.838956225249204
1315,A2 Cleaning Supply,2021-12-31,76.80820420807976
1316,A2 Cleaning Supply,2022-12-31,60.60791888511952
1317,A2 Cleaning Supply,2023-12-31,61.30978173769723
1318,A2 Cleaning Supply,2024-12-31,76.03475802353714
1319,A2 Cleaning Supply,2025-12-31,73.71383376035958
1320,MW-122s,2021-12-31,256.0677656275267
1321,MW-122s,2022-12-31,270.26338595921465
1322,MW-122s,2023-12-31,276.95137865037447
1323,MW-122s,2024-12-31,275.63101056341907
1324,MW-122s,2025-12-31,266.4054262033034
1325,MW-77,2021-12-31,1077.9908096481463
1326,MW-77,2022-12-31,925.6716556476308
1327,MW-77,2023-12-31,750.025607185166
1328,MW-77,2024-12-31,462.23661554999615
1329,MW-77,2025-12-31,213.43882768246627
1330,MW-2d,2021-12-31,38.0
1331,MW-2d,2022-12-31,38.0
1332,MW-2d,2023-12-31,38.0
1333,MW-2d,2024-12-31,38.0
1334,MW-2d,2025-12-31,38.0
1335,ARTESIAN #1,2001-12-31,30.28520579830065
1336,ARTESIAN #1,2002-12-31,24.60588252310484
1337,ARTESIAN #1,2003-12-31,19.96468591326544
1338,ARTESIAN #1,2004-12-31,25.550392138710706
1339,ARTESIAN #1,2005-12-31,24.86175183719048
1340,MW-124d,2021-12-31,0.4998666768705333
1341,MW-124d,2022-12-31,0.4999878805077631
1342,MW-124d,2023-12-31,0.4998545755332499
1343,MW-124d,2024-12-31,0.4999757294696223
1344,MW-124d,2025-12-31,0.4998424758425708
1345,MW-97s,2021-12-31,0.5
1346,MW-97s,2022-12-31,0.5
1347,MW-97s,2023-12-31,0.5
1348,MW-97s,2024-12-31,0.5
1349,MW-97s,2025-12-31,0.5
1350,MW-46,2021-12-31,108.65535972532987
1351,MW-46,2022-12-31,112.52540490296842
1352,MW-46,2023-12-31,112.90939355429616
1353,MW-46,2024-12-31,112.44384621678788
1354,MW-46,2025-12-31,114.15089915953628
1355,MW-11i,2013-12-31,4.173899626781596
1356,MW-11i,2014-12-31,2.649511940082097
1357,MW-11i,2015-12-31,1.4635506586133618
1358,MW-11i,2016-12-31,0.5693216303160686
1359,MW-11i,2017-12-31,0.0
1360,MW-130i,2021-12-31,1.7888810780866808
1361,MW-130i,2022-12-31,2.3825032166080558
1362,MW-130i,2023-12-31,1.842875569785399
1363,MW-130i,2024-12-31,2.6103268826309898
1364,MW-130i,2025-12-31,2.084187642789425
1365,544 Allison,2012-12-31,3.4109833208411486
1366,544 Allison,2013-12-31,3.541493104590525
1367,544 Allison,2014-12-31,3.397424051025375
1368,544 Allison,2015-12-31,2.9787726548433784
1369,544 Allison,2016-12-31,2.284748011169199
1370,MW-65s,2021-12-31,7.826242553443386
1371,MW-65s,2022-12-31,7.043365140981379
1372,MW-65s,2023-12-31,6.3406875165293535
1373,MW-65s,2024-12-31,5.707283437922939
1374,MW-65s,2025-12-31,5.138507128684941
1375,3245 Kingwood,2012-12-31,0.4551829202078885
1376,3245 Kingwood,2013-12-31,0.455182920207885
1377,3245 Kingwood,2014-12-31,0.0
1378,3245 Kingwood,2015-12-31,0.0
1379,3245 Kingwood,2016-12-31,0.0
1380,Saginaw Forest Cabin #4,2016-12-31,0.5
1381,Saginaw Forest Cabin #4,2017-12-31,0.5
1382,Saginaw Forest Cabin #4,2018-12-31,0.5
1383,Saginaw Forest Cabin #4,2019-12-31,0.5
1384,Saginaw Forest Cabin #4,2020-12-31,0.5
1385,475 Barber,2006-12-31,0.6666666666666666
1386,475 Barber,2007-12-31,0.6666666666666666
1387,475 Barber,2008-12-31,0.6666666666666666
1388,475 Barber,2009-12-31,0.6666666666666666
1389,475 Barber,2010-12-31,0.6666666666666666
1390,MW-KD-1s,2021-12-31,124.33591473310194
1391,MW-KD-1s,2022-12-31,139.3034661447204
1392,MW-KD-1s,2023-12-31,154.93048398280484
1393,MW-KD-1s,2024-12-31,171.24602416676893
1394,MW-KD-1s,2025-12-31,188.28042281228664
1395,MW-63d,2020-12-31,0.5
1396,MW-63d,2021-12-31,0.5
1397,MW-63d,2022-12-31,0.5
1398,MW-63d,2023-12-31,0.5
1399,MW-63d,2024-12-31,0.5
1400,HZ-N,2006-12-31,2362.6882257316006
1401,HZ-N,2007-12-31,1439.1300022998514
1402,HZ-N,2008-12-31,1476.5570096859112
1403,HZ-N,2009-12-31,1102.7563781362232
1404,HZ-N,2010-12-31,568.4742167645882
1405,SW-3M,2011-12-31,0.5
1406,SW-3M,2012-12-31,0.5
1407,SW-3M,2013-12-31,0.5
1408,SW-3M,2014-12-31,0.5
1409,SW-3M,2015-12-31,0.5
1410,MW-40s,2021-12-31,0.5
1411,MW-40s,2022-12-31,0.5
1412,MW-40s,2023-12-31,0.5
1413,MW-40s,2024-12-31,0.5
1414,MW-40s,2025-12-31,0.5
1415,3161 Dexter Rd,2017-12-31,0.5
1416,3161 Dexter Rd,2018-12-31,0.5
1417,3161 Dexter Rd,2019-12-31,0.5
1418,3161 Dexter Rd,2020-12-31,0.5
1419,3161 Dexter Rd,2021-12-31,0.5
1420,MW-133s,2021-12-31,1.7429007475255291
1421,MW-133s,2022-12-31,1.7429007475255291
1422,MW-133s,2023-12-31,1.7429007475255291
1423,MW-133s,2024-12-31,1.7429007475255291
1424,MW-133s,2025-12-31,1.7429007475255291
1425,453 Dupont,2012-12-31,3.6230450852238096
1426,453 Dupont,2013-12-31,3.6230450852238096
1427,453 Dupont,2014-12-31,3.6230450852238096
1428,453 Dupont,2015-12-31,3.6230450852238096
1429,453 Dupont,2016-12-31,3.6230450852238096
1430,MW-133i,2021-12-31,1.993959665464288
1431,MW-133i,2022-12-31,1.9961529404140013
1432,MW-133i,2023-12-31,1.929593338688952
1433,MW-133i,2024-12-31,1.9962429022001185
1434,MW-133i,2025-12-31,1.9975951101300036
1435,4401 Park West,2021-12-31,4.652567926273664
1436,4401 Park West,2022-12-31,4.5096642309563375
1437,4401 Park West,2023-12-31,4.371149824835634
1438,4401 Park West,2024-12-31,4.236889890826462
1439,4401 Park West,2025-12-31,4.106753752752567
1440,HZ-S,2021-12-31,2970.314445571429
1441,HZ-S,2022-12-31,2970.314445571429
1442,HZ-S,2023-12-31,2970.314445571429
1443,HZ-S,2024-12-31,2970.314445571429
1444,HZ-S,2025-12-31,2970.314445571429
1445,2575 Valley,2021-12-31,98.3231186107584
1446,2575 Valley,2022-12-31,99.4385184585151
1447,2575 Valley,2023-12-31,98.4698971228435
1448,2575 Valley,2024-12-31,105.8199730877936
1449,2575 Valley,2025-12-31,113.50953181293931
1450,2643 Dexter Rd,2013-12-31,11.54408090791418
1451,2643 Dexter Rd,2014-12-31,1.8566691623626783
1452,2643 Dexter Rd,2015-12-31,15.686742503587256
1453,2643 Dexter Rd,2016-12-31,
1454,2643 Dexter Rd,2017-12-31,
1455,Saginaw Forest Cabin #2,2021-12-31,0.5
1456,Saginaw Forest Cabin #2,2022-12-31,0.5
1457,Saginaw Forest Cabin #2,2023-12-31,0.5
1458,Saginaw Forest Cabin #2,2024-12-31,0.5
1459,Saginaw Forest Cabin #2,2025-12-31,0.5
1460,5005 Jackson Rd,2021-12-31,12.773298796669335
1461,5005 Jackson Rd,2022-12-31,14.40064784910597
1462,5005 Jackson Rd,2023-12-31,13.18517859395304
1463,5005 Jackson Rd,2024-12-31,12.6363673275971
1464,5005 Jackson Rd,2025-12-31,12.354177989882094
1465,MW-45d,2021-12-31,1242.6580916279734
1466,MW-45d,2022-12-31,1504.1786917224035
1467,MW-45d,2023-12-31,1797.895133616624
1468,MW-45d,2024-12-31,2123.8956250963874
1469,MW-45d,2025-12-31,2482.091958375941
1470,465 Dupont,2021-12-31,867.1534160225674
1471,465 Dupont,2022-12-31,736.3671104825261
1472,465 Dupont,2023-12-31,611.289733333977
1473,465 Dupont,2024-12-31,498.0404077061218
1474,465 Dupont,2025-12-31,403.162183855476
1475,MW-65i,2021-12-31,1.4882943143812837
1476,MW-65i,2022-12-31,2.388294314381296
1477,MW-65i,2023-12-31,3.288294314381309
1478,MW-65i,2024-12-31,4.188294314381322
1479,MW-65i,2025-12-31,5.088294314381335
1480,MW-25s,2021-12-31,475.7893596033183
1481,MW-25s,2022-12-31,474.3631336268656
1482,MW-25s,2023-12-31,472.9369076504129
1483,MW-25s,2024-12-31,471.50677420553166
1484,MW-25s,2025-12-31,470.080548229079
1485,MW-83d,2016-12-31,0.5
1486,MW-83d,2017-12-31,0.5
1487,MW-83d,2018-12-31,0.5
1488,MW-83d,2019-12-31,0.5
1489,MW-83d,2020-12-31,0.5
1490,MW-130s,2021-12-31,0.5
1491,MW-130s,2022-12-31,0.5
1492,MW-130s,2023-12-31,0.5
1493,MW-130s,2024-12-31,0.5
1494,MW-130s,2025-12-31,0.5
